index,activation,weight_initializer,dropout,num_neurons,num_layers,loss
0,relu,constant,0.051441279256860005,32.0,3.0,4.483618900820597
1,relu,normal,0.0,64.0,3.0,1.1044858422011237
2,relu,uniform,0.0,128.0,1.0,0.6150714206656127
3,relu,glorot_uniform,0.0,64.0,3.0,1.0353593868352349
4,relu,glorot_normal,0.06360328160655335,128.0,2.0,0.7219010078262994
5,relu,he_normal,0.0,64.0,1.0,0.9054104058193135
6,relu,he_uniform,0.0,32.0,2.0,1.4699412339840334
7,relu,orthogonal,0.0,128.0,2.0,0.6653815989588955
