index,activation,weight_initializer,dropout,num_neurons,num_layers,loss
0,relu,constant,0.9220873844659346,64.0,4.0,4.483047297665934
1,relu,normal,0.11224380668602923,128.0,2.0,0.7521989249604802
2,relu,uniform,0.15636322545954703,128.0,2.0,0.8467958177857783
